Question,Answer,Quotes
ما هو الدافع النفسي للمستهلك الذي تعتمد عليه شركات الضمان؟,تجنب إزعاج تعطل المنتج,"[{'text': 'لو المكيف او المروحه او اي حاجه موجوده عندك باظت ، انت انت هتضايق ان هي باظت وهتفضل قاعد كده هوو مستني لحد لما الضمان يجي علشان يصلحها .', 'start_char': 998, 'end_char': 1122}, {'text': 'فالعادي عند الناس عشان تتجنب ان الشيء ده يحصل ، الموقف ده يحصل ، ان هم بيخلوا بالهم من الحاجه بتاعتهم .', 'start_char': 1123, 'end_char': 1223}]"
إيه طبيعة العلاقة بين الشركة الأساسية وشركة الضمان؟,علاقة تعاونية,"[{'text': 'الشركه الاساسيه بتكون متعاونه مع شركه الضمان دي اللي عندها الناس اللي بتصلح وبيدوا لهم فلوس علشان شركة الضمان دي تكون مديه الضمان ليك انت المستهلك ان في حاله لو الحاجه بتاعتك باظت هم هيجوا يصلحوهلك .', 'start_char': 1735, 'end_char': 1930}]"
المتحدث عمل إيه لما مقدرش يستنى خدمة الضمان؟,دخل على اليوتيوب عشان يدور بنفسه عن سبب الصوت.,"[{'text': 'فانا ما قدرتش استنى ودخلت على اليوتيوب ابدا ادور بنفسي عن سبب الصوت ده', 'start_char': 458, 'end_char': 528}]"
إزاي علاقة المصنع بالضمان أثرت على تجربة المتحدث؟,سببت تعقيد الإجراءات.,"[{'text': 'كلمت الشركه والشركه حولتني للناس بتوع الضمان لحد لما ادوني رقم وفضلت قاعد مستني . الموضوع كان رزل صراحه .', 'start_char': 142, 'end_char': 228}, {'text': 'الشركه الاساسيه بتكون متعاونه مع شركه الضمان دي اللي عندها الناس اللي بتصلح', 'start_char': 2073, 'end_char': 2146}]"
إزاي أثر موقف زوجة المتحدث الرافض لصوت التلاجة على تصرفه؟,جعله يتصرف بسرعة.,"[{'text': 'بالنسبه لمراتي ده شيء مرفوض تماما .', 'start_char': 101, 'end_char': 135}, {'text': 'فبسرعه قبل ما مراتي تعرف الموضوع ده . كلمت الشركه', 'start_char': 184, 'end_char': 230}]"
إيه اللي اكتشفه المتحدث بخصوص صوت التلاجة الجديدة؟,اكتشف إنه شيء عادي إن التلاجة الجديدة تصدر صوت في أول فترة بعد تركيبها.,"[{'text': 'طلع ان ده شيء عادي جدا ان في معظم الاوقات اي تلاجه جديده بتتركب ممكن تطلع صوت في اول فتره كده واول كم يوم وبعد كده الصوت بيروح .', 'start_char': 561, 'end_char': 716}]"
وفقًا للنص، إيه الفايدة اللي بتعود على الشركة المصنّعة من التعاون مع شركة ضمان منفصلة؟,التخلّص من مسئولية التصليح.,"[{'text': 'الشركه الاساسيه بتكون متعاونه مع شركه الضمان دي اللي عندها الناس اللي بتصلح وبيدوا لهم فلوس', 'start_char': 2005, 'end_char': 2092}, {'text': 'علشان شركة الضمان دي تكون مديه الضمان ليك انت المستهلك ان في حاله لو الحاجه بتاعتك باظت هم هيجوا يصلحوهلك .', 'start_char': 2093, 'end_char': 2202}]"
حسب رأي المتحدث، على ماذا تعتمد شركات الضمان لتحقيق الربح؟,على حرص المستهلك.,"[{'text': 'فالضمان بيعتمد عليك انت المستهلك العاقل اللي اكيد 100 % مش هيبوظ الحاجه بتاعته .', 'start_char': 1199, 'end_char': 1280}]"
وفقًا للمتحدث، منين هتعرف زوجته بمشكلة صوت التلاجة لأول مرة؟,من الفيديو اللي كان بيتكلم فيه.,"[{'text': 'هي هتعرف المعلومه دي لاول مره من الفيديو ده', 'start_char': 185, 'end_char': 228}]"
إيه الخطر المالي على شركات الضمان لو تجربة المتحدث اتكررت؟,العملاء هيبطلوا يشتروه.,"[{'text': 'دورت اكتر عشان افهم الفكره بتاعه الضمان اللي انا دفعت فلوسه على الفاضي ده وعلى كل المنتجات التانيه اللي انا جبتها', 'start_char': 601, 'end_char': 721}, {'text': 'فالضمان بيعتمد عليك انت المستهلك العاقل اللي اكيد 100 % مش هيبوظ الحاجه بتاعته . فكل بساطه الضمان عمل منك فلوس على ولا حاجه', 'start_char': 1386, 'end_char': 1519}]"
,,
إيه اللي بيحصل للضمان لما صلاحية المنتج بتنتهي؟,بيكون الضمان خلص.,"[{'text': 'هيكون كده كده الضمان بتاعك خلص', 'start_char': 1523, 'end_char': 1553}]"
"إيه سبب ""الموال"" اللي واجهه المتحدث مع تلاجته الجديدة؟",نقل مسؤولية التصليح,"[{'text': 'كلمت الشركه والشركه حولتني للناس بتوع الضمان', 'start_char': 145, 'end_char': 184}, {'text': 'الشركة الاساسيه بتكون متعاونه مع شركه الضمان دي اللي عندها الناس اللي بتصلح', 'start_char': 1918, 'end_char': 1982}]"
,,
إيه الإجراء الإضافي اللي عمله المتحدث لفهم فكرة الضمان؟,عمل مقابلة مع واحد خبير.,"[{'text': 'بل انا عملت مقابله مع واحد خبير يشرح لنا التجربه بتاعته .', 'start_char': 723, 'end_char': 781}]"
ما الدليل الذي قدمه المتحدث على نجاح تخدير المشاعر العربية؟,ضعف التفاعل مع مأساة لبنان,"[{'text': 'وازاي ان الاعداء بتوعنا بيستخدموا الموضوع ده علشان يقتلونا وده جزء من الحرب السيكولوجيه والاعلاميه اللي بتحصل .', 'start_char': 764, 'end_char': 864}, {'text': 'ودلوقتي الحرب بدات في لبنان وانا بتكلم معاكم وفي يوم واحد في 500 شخص توفوا في لبنان ولكن ما دخلناش جوه الحاله دي', 'start_char': 341, 'end_char': 445}]"
بمَ وصف المتحدث إحساسه تجاه ضرورة عمل الفيديو؟,بالإلزام,"[{'text': 'بل انا حاسس ان انا لازم اعمل فيديو زي ده عشان اتكلم معاكم على كذا حاجه مهمه .', 'start_char': 88, 'end_char': 157}]"
المتحدث وصف القناة بتاعته بإنها إيه؟,المدونة البصرية بتاعته.,"[{'text': 'وهي المدونه البصريه بتاعتي اللي بعمل لها ابديت وبحدثها كده هو كل اسبوع', 'start_char': 1690, 'end_char': 1761}]"
إيه الدليل اللي قدمه المتحدث على نجاح الحرب النفسية؟,تفاوت رد الفعل تجاه لبنان.,"[{'text': 'كنا نسمع رقم ان في 300 شهيد ولسه الارقام في اول كم يوم احنا ما كناش بنعرف ننام .', 'start_char': 300, 'end_char': 380}, {'text': 'وفي يوم واحد في 500 شخص توفوا في لبنان ولكن ما دخلناش جوه الحاله دي', 'start_char': 421, 'end_char': 481}]"
,,
إيه أنواع المحتوى اللي المتحدث أكد إن الفيديو ده مش منها؟,فيديو وثائقي، أو فيه هزار، أو فيه تجربة غريبة، أو فيديو قوائم.,"[{'text': 'لا ده مش فيديو وثائقي لا ده مش فيديو هيكون فيه هزار وده مش فيديو هيكون فيه تجربه غريبه بتحصل او او فيديو قوائم', 'start_char': 886, 'end_char': 987}]"
إزاي الأعداء بيستغلوا تعودنا على المآسي في حربهم النفسية؟,لقتلنا معنويًا.,"[{'text': 'ازاي احنا فعلا مع الوقت ممكن نتعود على حاجات في منتهى البشاعه', 'start_char': 284, 'end_char': 352}, {'text': 'وازاي ان الاعداء بتوعنا بيستخدموا الموضوع ده علشان يقتلونا وده جزء من الحرب السيكولوجيه والاعلاميه اللي بتحصل', 'start_char': 353, 'end_char': 460}]"
,,
إيه كانت الحالة اللي وصفها المتحدث في العالم العربي في بداية الحرب؟,مهزوزين وخايفين جداً على أهلهم هناك.,"[{'text': 'كلنا كنا مهزوزين ويعني خايفين جدا على اهلنا هناك', 'start_char': 241, 'end_char': 292}]"
إيه دافع المتحدث لتوثيق هذه اللحظة تاريخياً؟,حفظ لحظة تاريخية بمدونته,"[{'text': 'القناه دي محمود اسماعيل تي في من لما بدات لحد يومنا هذا وهي المدونه البصريه بتاعتي', 'start_char': 1335, 'end_char': 1424}, {'text': 'الشيء اللي انا عاوز ادون عنه الشيء اللي انا عاوز اتكلم عليه واللي عاوز فعلا احفظه واحفظ اللحظه الغريبه في في التاريخ', 'start_char': 1493, 'end_char': 1605}]"
,,
حذر المتحدث من اعتبار اعترافه بالتعود على المآسي بمثابة إيه؟,انهزامية أو اعتراف بأن الأعداء فازوا.,"[{'text': 'واعترافي بشيء زي ده دي ما تعتبرش انهزاميه او تعتبر ان انا بعترف ان هم قتلوا الروح بتاعتنا وهم فازوا وخلاص', 'start_char': 1109, 'end_char': 1213}]"
إزاي التعود على الأخبار الصعبة بيخدم أهداف الأعداء؟,عن طريق قتل الروح المعنوية.,"[{'text': 'وازاي احنا فعلا مع الوقت ممكن نتعود على حاجات في منتهى البشاعه', 'start_char': 534, 'end_char': 593}, {'text': 'وازاي ان الاعداء بتوعنا بيستخدموا الموضوع ده علشان يقتلونا وده جزء من الحرب السيكولوجيه والاعلاميه اللي بتحصل', 'start_char': 598, 'end_char': 697}]"
,,
إيه كان هدف المتحدث من تفسير شعوره بالتعود على المآسي؟,تفسير سبب الشعور ده وليه الناس بتحس بيه وبتمل منه.,"[{'text': 'انا قصدي ان انا افسر لكم ايه سبب الشعور ده تمام وليه احنا بنحس بيه وليه احنا بنمل مع ان الموضوع بقى قاسي .', 'start_char': 1228, 'end_char': 1309}]"
إيه الفرق بين آلية عمل الكافيين كمنبه وعلاجه للصداع؟,استهداف المستقبلات مقابل الأوعية الدموية,"[{'text': 'لما بتشرب كوبايه القهوه ، الكافيين بيرتبط بمستقبلات الادينوسين في الدماغ ، وده بيخلي الكافين ياخد مكان الادينوسين جوه دماغك', 'start_char': 1403, 'end_char': 1541}, {'text': 'الكافيين بيقلل من تدفق الدم للمخ بحوالي 27 % ، واللي بدوره بيقلل من عمليه تضخم الاوعيه الدمويه في الدماغ', 'start_char': 2537, 'end_char': 2646}]"
إيه اللي بيجمع بين الكافيين والأدينوسين في تكوينهم؟,التشابه الكيميائي,"[{'text': 'الكافين بيشبه في البنيه الكيميائيه بتاعته ماده بتتكون في الدماغ اسمها الادينوسين', 'start_char': 1318, 'end_char': 1400}]"
إيه تأثير الكافيين على تدفق الدم للمخ حسب كلام الباحثين؟,بيقلل من تدفق الدم للمخ بنسبة 27 % تقريباً.,"[{'text': 'بيقلل من تدفق الدم للمخ بحوالي 27 %', 'start_char': 2544, 'end_char': 2580}]"
كيف يتكيّف دماغ مدمن القهوة مع تأثير الكافيين؟,بزيادة مستقبلات الأدينوسين.,"[{'text': 'لما بتشرب كوبايه القهوه ، الكافيين بيرتبط بمستقبلات الادينوسين في الدماغ ، وده بيخلي الكافين ياخد مكان الادينوسين جوه دماغك', 'start_char': 1568, 'end_char': 1691}, {'text': 'الناس اللي بيستخدموا الكافيين بصوره كبيره ، مستقبلات الادينوسين في الدماغ بتزيد عندهم', 'start_char': 2000, 'end_char': 2075}]"
,,
إيه اللي الجسم بيفرزه لما الكافيين بياخد مكان الأدينوسين في الدماغ؟,ادرينالين,"[{'text': 'الجسم بيبدا يفرز ادرينالين يحل محل الادينوسين', 'start_char': 1667, 'end_char': 1713}]"
ما المادتان المسؤولتان عن اليقظة والسعادة بتأثير الكافيين؟,الأدرينالين والدوبامين,"[{'text': 'الجسم بيبدا يفرز ادرينالين يحل محل الادينوسين . وبالتالي النتيجه النهائيه بتكون ان الادرينالين يكون هو اللي موجود مع الكافيين', 'start_char': 1546, 'end_char': 1665}, {'text': 'الدوبامين هو اللي بيحفز الدماغ على الشعور بالنشاط والسعاده .', 'start_char': 2420, 'end_char': 2484}]"
,,
إيه هو التصنيف العالمي للكافيين كأكثر مادة مستخدمة؟,المادة ذات التأثير النفسي.,"[{'text': 'يعتبر الكافيين هو الماده ذات التاثير النفسي الاكثر استخداماً في العالم كله', 'start_char': 573, 'end_char': 645}]"
إيه الفرق بين آلية تأثير الكافيين على اليقظة والصداع؟,حجب مستقبلات وتقليل تدفق.,"[{'text': 'الكافيين بيرتبط بمستقبلات الادينوسين في الدماغ', 'start_char': 1399, 'end_char': 1443}, {'text': 'الكافيين بيقلل من تدفق الدم للمخ', 'start_char': 2458, 'end_char': 2489}]"
إيه الآلية الأساسية اللي بيها الكافيين بيقلل الشعور بالنعاس في الدماغ؟,بياخد مكان الأدينوسين.,"[{'text': 'الكافين بيشبه في البنيه الكيميائيه بتاعته ماده بتتكون في الدماغ اسمها الادينوسين . والماده دي هي اللي بتخلي الانسان يشعر بالنعاس', 'start_char': 1281, 'end_char': 1406}, {'text': 'لما بتشرب كوبايه القهوه ، الكافيين بيرتبط بمستقبلات الادينوسين في الدماغ ، وده بيخلي الكافين ياخد مكان الادينوسين جوه دماغك', 'start_char': 1458, 'end_char': 1599}]"
إيه هو متوسط استهلاك الفرد للكافيين على مستوى العالم؟,من 110 مل غرام لي 300 مل غرام.,"[{'text': 'متوسط استهلاكه على مستوى العالم من 110 مل غرام لي 300 مل غرام', 'start_char': 1073, 'end_char': 1135}]"
ماذا يحدث لتأثير الكافيين عند استهلاك مدمن لنفس جرعة غير المدمن؟,يصبح تأثيره أضعف,"[{'text': 'الناس اللي بيستخدموا الكافيين بصوره كبيره ، مستقبلات الادينوسين في الدماغ بتزيد عندهم', 'start_char': 2314, 'end_char': 2404}, {'text': 'وهو ده السبب اللي بيخلي مدمنين القهوه عايزين منها كميات اكبر دائماً علشان بس يحصلوا على نفس التاثير اللي ممكن فنجان قهوه صغير يعمله في واحد مش بيشرب القهوه كتير', 'start_char': 2407, 'end_char': 2568}]"
إيه نوع الوظائف العقلية اللي الكافيين بيغيرها بشكل مؤقت؟,الوظائف المزاجية والسلوكية والإدراكية.,"[{'text': 'بالاضافه لكونه واحد من المواد اللي بتعمل تغيير مؤقت في وظائف المخ . فهتلاقي بياثر على وظائف المخ من حيث المزاج والسلوك والادراك', 'start_char': 778, 'end_char': 903}]"
ما نسبة البالغين عالميًا الذين يستهلكون كميات كبيرة من الكافيين؟,مش اقل من 80 %.,"[{'text': 'ومش اقل من 80 % من البالغين على مستوى العالم كله بيستهلك كميات كبيره منه', 'start_char': 442, 'end_char': 517}]"
ليه المتحدث بدأ كلامه بسمعة شيكاغو السيئة؟,ليوضح حقيقتها الحالية.,"[{'text': 'لو قلت لك شيكاغو ، اول حاجه هتيجي في دماغك هي الجرايم والاسلحه والمخدرات والعصابات الشهيره زي عصابه الكابون المعروفه باسم مافيا شيكاغو . لكن يا ترى شيكاغو دلوقتي شكلها عامل ايه ؟', 'start_char': 54, 'end_char': 232}, {'text': 'خدت بالي ان الشعب هناك رايق جدا ، الناس جميله في الشارع ، الناس بجد متعاونه وبتساعد .', 'start_char': 401, 'end_char': 489}]"
إيه هو انطباع المتحدث عن مباني وشوارع شيكاغو؟,إنها جميلة ومنظمة.,"[{'text': 'مدينه غاية في الجمال والروعه', 'start_char': 1073, 'end_char': 1101}, {'text': 'المباني فيها ونظامها والشوارع بتاعتها نظام غير عادي بصراحه', 'start_char': 1104, 'end_char': 1166}]"
ما هو ترتيب اقتصاد شيكاغو في أمريكا بحسب الڤيديو؟,ثالث أكبر اقتصاد,"[{'text': 'شيكاغو من اهم المدن الامريكيه ، حرفيا ثالث اكبر اقتصاد في امريكا كلها .', 'start_char': 236, 'end_char': 305}]"
إيه الرابط بين ريادة شيكاغو المعمارية ومكانتها الاقتصادية؟,انعكاس لقوتها الاقتصادية,"[{'text': 'ثالث اكبر اقتصاد في امريكا كلها', 'start_char': 188, 'end_char': 219}, {'text': 'اول نطحه سحاب في العالم طلعت من شيكاغو هنا', 'start_char': 335, 'end_char': 380}]"
,,
بحسب الفيديو، إيه هي الأسماء المختلفة اللي اتقالت على تمثال كلاود جيت؟,البقليله، البينز أو الكلاود جيت.,"[{'text': 'البقليله اللي موجوده دي او البينز او الكلاود جيت', 'start_char': 1433, 'end_char': 1480}]"
كيف تستغل شيكاغو إرثها المعماري لجذب الزوار؟,كمنصات لمشاهدة المدينة,"[{'text': 'طبعا شيكاغو كلها ناطحات سحاب وهحكي لكم ليه لان اول نطيحه سحاب في العالم طلعت من شيكاغو هنا .', 'start_char': 1837, 'end_char': 1925}, {'text': 'وعشان كده المكان اللي هنروحوا دلوقتي هو واحد من اهم الاماكن في شيكاغو عشان نشوف شيكاغو كله من فوق من ناطحه سحاب منهم .', 'start_char': 1995, 'end_char': 2110}]"
,,
ما هو اسم أغلى شارع في شيكاغو بحسب ما ورد في الڤيديو؟,جولد كوست,"[{'text': 'اغلى شوارع المدينه اسمه جولد كوست', 'start_char': 483, 'end_char': 516}]"
كيف يعكس اختيار المتحدث لوجهته الأخيرة تصوراً مختلفاً لشيكاغو؟,بإبراز هويتها المعمارية الحديثة.,"[{'text': 'لو قلت لك شيكاغو ، اول حاجه هتيجي في دماغك هي الجرايم والاسلحه والمخدرات والعصابات الشهيره', 'start_char': 66, 'end_char': 161}, {'text': 'طبعا شيكاغو كلها ناطحات سحاب وهحكي لكم ليه لان اول نطيحه سحاب في العالم طلعت من شيكاغو هنا .', 'start_char': 1419, 'end_char': 1515}, {'text': 'وعشان كده المكان اللي هنروحوا دلوقتي هو واحد من اهم الاماكن في شيكاغو عشان نشوف شيكاغو كله من فوق من ناطحه سحاب منهم', 'start_char': 1572, 'end_char': 1681}]"
إيه السمة اللي وصف بيها المتحدث تعامل الناس في شيكاغو؟,التعاون والمساعدة.,"[{'text': 'الناس بجد متعاونه وبتساعد .', 'start_char': 468, 'end_char': 489}]"
إيه هي مكونات الساندوتش اللي أكله المتحدث في الفطار؟,كرواسان محشي تونة وزبيب وعليه جبنة شيدر سايحة.,"[{'text': 'هم جايبين كروسان وقاطعينه نصين ، وأخدين الجزء فيه من اللي من فوق حاطين فيه التونه والزبيب وعليها شيدر من فوق سايحه .', 'start_char': 834, 'end_char': 951}]"
إيه في مباني شيكاغو بيخالف سمعتها القديمة؟,أول ناطحة سحاب بالعالم,"[{'text': 'لو قلت لك شيكاغو ، اول حاجه هتيجي في دماغك هي الجرايم والاسلحه والمخدرات والعصابات الشهيره زي عصابه الكابون المعروفه باسم مافيا شيكاغو', 'start_char': 58, 'end_char': 182}, {'text': 'اول نطحه سحاب في العالم طلعت من شيكاغو هنا', 'start_char': 318, 'end_char': 362}]"
بناءً على تعريف المتحدث بنفسه، ما هي طبيعة رحلاته؟,استكشافية ومغامِرة.,"[{'text': 'ولو اول مره تتفرج علينا فانا شريف نبيل مسافر مغامر مصري بتاع اكشن نجوب العالم نحكي قصص الناس وثقافات الناس ونشوف اغرب الحاجات واحنا مسافرين .', 'start_char': 554, 'end_char': 695}]"
بحسب الفيديو، ما هو اسم العصابة الشهيرة في شيكاغو؟,عصابه الكابون المعروفه باسم مافيا شيكاغو.,"[{'text': 'عصابه الكابون المعروفه باسم مافيا شيكاغو', 'start_char': 159, 'end_char': 200}]"
ليه ممكن ريال مدريد يقلد سياسة فليك مع المصابين؟,لضمان استشفائهم الكامل,"[{'text': 'واعتقد ان ريال مدريد بسبب تعدد الاصابات على مستوى الموسم الحالي هو مش هيستعجل عودة أي لعيب وجايز نشوف طريقه شبيهه بطريقه هانز فليك على مستوى التعامل مع اللاعيبه .', 'start_char': 462, 'end_char': 601}, {'text': 'هانز فليك زي ما لاحظنا على مستوى الاصابات مش من نوعيه المديرين الفنيين اللي بيستعجل عوده اللعيبه . بيحب ان كل لاعب ياخد وقته تماما في عمليه الاستشفاء .', 'start_char': 1111, 'end_char': 1276}]"
إيه هو وضع ليفربول في ترتيب الدوري الإنجليزي؟,في الصدارة.,"[{'text': 'الفريق المتصدر فريق ليفربول واللي بفارق تمن نقاط كاملين عن الفريق اللي موجود في المركز التاني فريق مانشستر سيتي .', 'start_char': 2137, 'end_char': 2260}]"
كم يبلغ فارق النقاط بين فريق ليفربول وفريق مانشستر سيتي؟,تمن نقاط كاملين.,"[{'text': 'بفارق تمن نقاط كاملين', 'start_char': 2167, 'end_char': 2188}]"
ليه معاناة ليفربول بماتش بالاس كانت مؤشر خطر؟,لأن جدولهم القادم صعب,"[{'text': 'بمعنى ان فريق ليفربول اللي استفاد من الجدول المتوسط اللي كان موجود في بدايه الموسم هيجي على دماغه من بعد العوده من التوقف الدولي انه هيدخل اختبارات شقه وقاسيه ورا بعض', 'start_char': 792, 'end_char': 955}, {'text': 'ولكن تناوب لعيبه الخط الامامي على تضييع الفرص هو كالعاده اللي كان سبب في ان ليفربول في ماتش المفروض ان هو كان نظريا سهله عليه اتعقد اكتر واكتر', 'start_char': 1696, 'end_char': 1819}]"
إزاي تم وصف تفكير ليفربول في بدء سياسة المدورة؟,منطقياً.,"[{'text': 'عشان كده فريق ليفربول هو كان عنده تفكير منطقي انه بدا يفكر في سياسه المدوره بدايه من المباراه قصاد فريق كريستال بالاس .', 'start_char': 1007, 'end_char': 1122}]"
إيه سبب غياب الحارس البديل كيليهر عن فريق ليفربول؟,إنه مريض وليس مصاب.,"[{'text': 'الراجل المفروض ان هو مريض مش مصاب', 'start_char': 546, 'end_char': 578}]"
إيه كانت نتيجة سياسة المداورة على هجوم ليفربول؟,إضاعة العديد من الفرص,"[{'text': 'عشان كده فريق ليفربول هو كان عنده تفكير منطقي انه بدا يفكر في سياسه المدوره بدايه من المباراه قصاد فريق كريستال بالاس .', 'start_char': 1116, 'end_char': 1238}, {'text': 'ولكن تناوب لعيبه الخط الامامي على تضييع الفرص هو كالعاده اللي كان سبب في ان ليفربول في ماتش المفروض ان هو كان نظريا سهله عليه اتعقد اكتر واكتر', 'start_char': 1783, 'end_char': 1934}]"
إيه الميزة الجسدية اللي بيمتلكها ماتيتا على كوتيه؟,الطول.,"[{'text': 'يعني ماتيتا اعتقد ده اللاعيب الوحيد اللي في الكوكب الاطول من كوتيه اساسا', 'start_char': 1585, 'end_char': 1657}]"
إزاي تم وصف مستوى الحارس التالت جاروس في المباراة؟,مستوى مقبول.,"[{'text': 'مستوى مقبول', 'start_char': 180, 'end_char': 191}]"
ما النتيجة غير المقصودة لسياسة تدوير ليفربول ضد بالاس؟,تضييع فرص الخط الأمامي,"[{'text': 'عشان كده فريق ليفربول هو كان عنده تفكير منطقي انه بدا يفكر في سياسه المدوره بدايه من المباراه قصاد فريق كريستال بالاس .', 'start_char': 1358, 'end_char': 1476}, {'text': 'ولكن تناوب لعيبه الخط الامامي على تضييع الفرص هو كالعاده اللي كان سبب في ان ليفربول في ماتش المفروض ان هو كان نظريا سهله عليه اتعقد اكتر واكتر', 'start_char': 1902, 'end_char': 2041}]"
,,
إيه المدة اللي ممكن يحتاجها أليسون للراحة بسبب إصابته؟,ممكن اكتر من تلات او اربع اسابيع.,"[{'text': 'ممكن اكتر من تلات او اربع اسابيع', 'start_char': 374, 'end_char': 405}]"
إيه العلاقة بين المداورة واختبار تطور ليفربول؟,المداورة تحضير للاختبار,"[{'text': 'هيدخل اختبارات شقه وقاسيه ورا بعض هتحدد فعلا اذا كان الفريق مع ارني سلوت قدر ان هو يتطور ولا لسه الفريق قدامه شويه عشان يقدر ان هو يحسن اموره .', 'start_char': 987, 'end_char': 1147}, {'text': 'عشان كده فريق ليفربول هو كان عنده تفكير منطقي انه بدا يفكر في سياسه المدوره بدايه من المباراه قصاد فريق كريستال بالاس .', 'start_char': 1221, 'end_char': 1345}]"
إزاي تم وصف حالة فريق كريستال بالاس تحت قيادة جلاسنر؟,مُثيرة للتساؤل.,"[{'text': 'ويمكن حاله كريستال بالاس دي واحده من الحاجات اللي عليها علامات استفهام كتيره', 'start_char': 1386, 'end_char': 1464}]"
مين اللي صعب الماتش على ليفربول قصاد كريستال بالاس حسب النص؟,ليفربول هو اللي صعب الماتش على نفسه.,"[{'text': 'ليفربول هو اللي كان مصعب المباراه على نفسه', 'start_char': 1704, 'end_char': 1744}]"
ما هو الخطر المحتمل الذي كان يتجنبه المدرب بسياسة التدوير؟,إرهاق اللاعبين,"[{'text': 'هيدخل اختبارات شقه وقاسيه ورا بعض هتحدد فعلا اذا كان الفريق مع ارني سلوت قدر ان هو يتطور ولا لسه الفريق قدامه شويه عشان يقدر ان هو يحسن اموره .', 'start_char': 887, 'end_char': 965}, {'text': 'عشان كده فريق ليفربول هو كان عنده تفكير منطقي انه بدا يفكر في سياسه المدوره بدايه من المباراه قصاد فريق كريستال بالاس .', 'start_char': 966, 'end_char': 1072}]"
إيه اللي حصل للمباراة اللي كانت نظرياً سهلة على ليفربول؟,ازدادت صعوبتها.,"[{'text': 'ان ليفربول في ماتش المفروض ان هو كان نظريا سهله عليه اتعقد اكتر واكتر', 'start_char': 1790, 'end_char': 1860}]"
مين اللاعب المتوقع يرجع ليكون الحارس الأساسي لليفربول؟,كيليهير.,"[{'text': 'ومتوقع ان كيليهير يرجع مره تانيه يكون الحارس الاساسي لفريق ليفربول فيما هو قادم .', 'start_char': 599, 'end_char': 681}]"
كيف يختلف نهج بناء الفريق بين برشلونة وريال مدريد؟,برشلونة بالناشئين ومدريد بالصفقات.,"[{'text': 'بص النهارده ريال مدريد على مدار تاريخه لم يستغل قطاع الناشئين بتاعه . تبص وتتعلم النهارده اكاديميه اللمسيه .', 'start_char': 1114, 'end_char': 1205}, {'text': 'الازمه الماليه اللي جت لها دي جت لها نجده انها ما تجيبش لعيبه نجده انها ما تجيبش لعيبه وتطلع اللاعيبه اللي عندها', 'start_char': 1716, 'end_char': 1812}]"
بِمَ وصف المتحدث رئاسة فلورنتينو بيريز التاريخية؟,بالأفضلية.,"[{'text': 'فلورنتينو بيريز هو اعظم رئيس نادي جه في تاريخ العالم كله', 'start_char': 669, 'end_char': 718}, {'text': 'فلورنتينو بيريز هو فعلا انا بالنسبه لي هو افضل رئيس نادي تاريخي جا في كره القدم', 'start_char': 748, 'end_char': 826}]"
وصف المتحدث مشكلة برشلونة مع تشافي بإنها مشكلة إيه؟,مشكلة مدرب.,"[{'text': 'المشكله مشكله مدرب', 'start_char': 272, 'end_char': 289}]"
إيه اللي أجبر برشلونة على سياسته المختلفة عن ريال مدريد؟,الأزمة المالية.,"[{'text': 'الازمه الماليه اللي جت لها دي جت لها نجده انها ما تجيبش لعيبه نجده انها ما تجيبش لعيبه وتطلع اللاعيبه اللي عندها', 'start_char': 1735, 'end_char': 1827}]"
,,
كم عدد لاعبي اللامسيا الذين شاركوا في المباراة حسب وصف المتحدث؟,ست لاعيبه.,"[{'text': 'انت بتتكلم في ست لاعيبه النهارده من 11 لعيبة', 'start_char': 1390, 'end_char': 1432}]"
إزاي الأزمة المالية فادت برشلونة؟,أجبرتهم على تصعيد الناشئين.,"[{'text': 'الازمه الماليه اللي جت لها دي جت لها نجده انها ما تجيبش لعيبه وتطلع اللاعيبه اللي عندها اقسم بالله العظيم احلى مليار مره من اللعيب', 'start_char': 1892, 'end_char': 2009}]"
إيه اللي ميّز ماتش برشلونة الأخير عن باقي ماتشات الموسم من وجهة نظر المتحدث؟,الأفضلية.,"[{'text': 'انا انا النهارده احلى مباراه في الموسم بالكامل لبرشلونه', 'start_char': 1251, 'end_char': 1303}, {'text': 'شوف بقى افضل مباراه هذا الموسم لبرشلونه', 'start_char': 1342, 'end_char': 1380}]"
وصف المتحدث مركز لعب مارك كاسادو ضد ريال مدريد بإنه إيه؟,ديفندر وحيد.,"[{'text': 'بيلعب ديفندر وحيد قدام عمالقه ريال مدريد النهارده', 'start_char': 585, 'end_char': 631}]"
إيه المصدر اللي كوّن أغلبية التشكيلة الأساسية لبرشلونة حسب ما ورد في المقطع؟,أكاديمية النادي للناشئين، لاماسيا.,"[{'text': 'تبص وتتعلم النهارده اكاديميه اللمسيه . بص النهارده اللمسيه بتعمل ايه النهارده', 'start_char': 1130, 'end_char': 1192}, {'text': 'انت بتتكلم في ست لاعيبه النهارده من 11 لعيبة . ست لاعيبه لمسيه النهارده .', 'start_char': 1326, 'end_char': 1400}]"
,,
المباراة اللي وصفها المتحدث اتلعبت فين؟,في الجوهره المشعه في السعوديه.,"[{'text': 'في الجوهره المشعه في السعوديه', 'start_char': 1171, 'end_char': 1199}]"
إيه النتيجة الإيجابية لأزمة برشلونة المالية حسب رأي المتحدث؟,الاعتماد على أكاديمية لاماسيا,"[{'text': 'برشلونه بتاع يعني يعني الازمه الماليه اللي جت لها دي جت لها نجده انها ما تجيبش لعيبه وتطلع اللاعيبه اللي عندها', 'start_char': 2056, 'end_char': 2165}, {'text': 'بص النهارده ريال مدريد على مدار تاريخه لم يستغل قطاع الناشئين بتاعه . تبص وتتعلم النهارده اكاديميه اللمسيه .', 'start_char': 1215, 'end_char': 1318}, {'text': 'اقسم بالله العظيم احلى مليار مره من اللعيب اهو عندك الدليل كسبوا مرتين في الموسم ريال مدريد', 'start_char': 2166, 'end_char': 2244}]"
,,
مين اللاعبين الجداد اللي المتحدث ذكر إنهم انضموا لتشكيلة برشلونة؟,داني أولمو وباو فيكتور.,"[{'text': 'مجرد بس زاد عليه داني اولمو وباو فيكتور', 'start_char': 492, 'end_char': 531}]"
من بين قادة إسرائيل وحزب الله، من كان في مكان غير عسكري؟,بنيامين نتنياهو,"[{'text': 'نتنياهو اصدر اوامره بقتل قيادات حزب الله وعلى راسهم امينه العام هو في جناح فندق ليوس ريجنس نيويورك اوتيل الواقع على شارع بارك افينيو .', 'start_char': 1198, 'end_char': 1325}, {'text': 'كان وزير الحرب الاسرائيلي يواف جلاند استلم الاوامر من نتنياهو وبدا فورا يتابع تنفيذ الهجوم على مقر حزب الله من غرفه القياده تحت الارض التابعه لسلاح الجوي الاسرائيلي .', 'start_char': 1941, 'end_char': 2111}, {'text': 'اغتيال الامين العام لحزب الله حسن نصر الله ومجموعه من كبار القيادات معاه في مقر قيادتهم تحت الارض في الضاحيه الجنوبيه في لبنان .', 'start_char': 1099, 'end_char': 1196}]"
,,
منين كان وزير الحرب الإسرائيلي يواف جالانت بيتابع تنفيذ الهجوم؟,من غرفه القياده تحت الارض التابعه لسلاح الجوي الاسرائيلي.,"[{'text': 'من غرفه القياده تحت الارض التابعه لسلاح الجوي الاسرائيلي', 'start_char': 2041, 'end_char': 2109}]"
ما دلالة اختلاف موقعي إصدار ومتابعة أمر الاغتيال؟,القرار سياسي والتنفيذ عسكري.,"[{'text': 'نتنياهو اصدر اوامره بقتل قيادات حزب الله وعلى راسهم امينه العام هو في جناح فندق ليوس ريجنس نيويورك اوتيل الواقع على شارع بارك افينيو .', 'start_char': 1121, 'end_char': 1242}, {'text': 'كان وزير الحرب الاسرائيلي يواف جلاند استلم الاوامر من نتنياهو وبدا فورا يتابع تنفيذ الهجوم على مقر حزب الله من غرفه القياده تحت الارض التابعه لسلاح الجوي الاسرائيلي .', 'start_char': 1699, 'end_char': 1864}]"
,,
مين اللي كان واقف جنب نتنياهو في الصورة وقت إعطاء الأمر باغتيال نصرالله؟,سكرتيره العسكري ورئيس الاركان.,"[{'text': 'سكرتيره العسكري ورئيس الاركان', 'start_char': 1089, 'end_char': 1119}]"
ما طبيعة مكانيْ إصدار ومتابعة الأمر باغتيال نصر الله؟,مدني فاخر وعسكري محصن,"[{'text': 'نتنياهو اصدر اوامره بقتل قيادات حزب الله وعلى راسهم امينه العام هو في جناح فندق ليوس ريجنس نيويورك اوتيل الواقع على شارع بارك افينيو .', 'start_char': 1195, 'end_char': 1308}, {'text': 'كان وزير الحرب الاسرائيلي يواف جلاند استلم الاوامر من نتنياهو وبدا فورا يتابع تنفيذ الهجوم على مقر حزب الله من غرفه القياده تحت الارض التابعه لسلاح الجوي الاسرائيلي .', 'start_char': 1716, 'end_char': 1876}]"
,,
إيه سبب وجود نتنياهو في نيويورك وقت إصدار أمر الاغتيال؟,حضور اجتماعات الأمم المتحدة.,"[{'text': 'حضور اجتماعات الامم المتحده', 'start_char': 1065, 'end_char': 1091}]"
إلى ماذا يشير اختلاف بيئة مُصدر الأمر عن منفذه؟,فصل القيادة السياسية والعسكرية,"[{'text': 'نتنياهو اصدر اوامره بقتل قيادات حزب الله وعلى راسهم امينه العام هو في جناح فندق ليوس ريجنس نيويورك اوتيل الواقع على شارع بارك افينيو .', 'start_char': 1215, 'end_char': 1342}, {'text': 'كان وزير الحرب الاسرائيلي يواف جلاند استلم الاوامر من نتنياهو وبدا فورا يتابع تنفيذ الهجوم على مقر حزب الله من غرفه القياده تحت الارض التابعه لسلاح الجوي الاسرائيلي .', 'start_char': 2045, 'end_char': 2202}]"
,,
إيه عدد الصواريخ اللي استخدمتها إيران في ضربتها ضد الكيان المحتل؟,أكتر من 200 صاروخ بالستي.,"[{'text': 'باكتر من 200 صاروخ بالستي', 'start_char': 239, 'end_char': 265}]"
ما دلالة اختلاف موقعي القادة الإسرائيليين أثناء الهجوم؟,اختلاف طبيعة أدوارهما,"[{'text': 'نتنياهو اصدر اوامره بقتل قيادات حزب الله وعلى راسهم امينه العام هو في جناح فندق ليوس ريجنس نيويورك اوتيل الواقع على شارع بارك افينيو .', 'start_char': 1290, 'end_char': 1407}, {'text': 'كان وزير الحرب الاسرائيلي يواف جلاند استلم الاوامر من نتنياهو وبدا فورا يتابع تنفيذ الهجوم على مقر حزب الله من غرفه القياده تحت الارض التابعه لسلاح الجوي الاسرائيلي .', 'start_char': 2007, 'end_char': 2173}]"
,,
إزاي تم التأكد من مكان إقامة نتنياهو وقت إصدار أمر الاغتيال؟,"بمطابقة جناح ""الاكزاتيوتيف سويت"" في الفندق مع الصورة اللي اتنشرت له.","[{'text': 'وبالفعل لقينا الاكزاتيوتيف سويت في الفندق مطابقه تماما للي في الصوره', 'start_char': 1877, 'end_char': 1951}]"
إيه اللي حصل لرجال الأعمال بعد اجتماع شيراتون؟,احتجاز، إقامة جبرية، هروب، واستيلاء.,"[{'text': 'بعد الاجتماع تم احتجاز بعض اللي رفضوا تسليم اصول ممتلكاتهم او اسهم شركاتهم وتشحنو على فرع المخابرات 251 في دمشق', 'start_char': 1632, 'end_char': 1761}, {'text': 'والبعض التاني تم وضع قايد الاقامه الجبريه وابرزهم رامي مخلوف ابن خال بشار الاسد', 'start_char': 1764, 'end_char': 1850}, {'text': 'وفي الايام التاليه للاجتماع هرب عدد من اغنى السوريين واستولى النظام على شركاتهم واعمالهم', 'start_char': 1957, 'end_char': 2059}]"
بماذا وصف النص الإمبراطورية الاقتصادية اللي رعاها نظام بشار الأسد؟,اتصفت بالإجرام.,"[{'text': 'الحكايه دي وغيرها من مئات الحكايات بتوضح لنا ازاي نظام بشار الاسد مش بس رعى امبراطوريه اقتصاديه اجراميه وتسبب في تدمير البلد', 'start_char': 2062, 'end_char': 2182}]"
إيه الاسم اللي أطلقه المتحدث على ما طلبه حازم قرفول من رجال الأعمال؟,ضريبة حماية.,"[{'text': 'طلب منهم حاجه احنا ممكن نسميها ضريبه حمايه', 'start_char': 1195, 'end_char': 1238}]"
إزاي تصرف محافظ البنك المركزي يهدد مستقبل الاستثمار؟,يدمر الأمان الاقتصادي للمستثمرين,"[{'text': 'يجتمعوا مع حازم كارفول رئيس مصرف سوريا المركزي وقتها', 'start_char': 228, 'end_char': 271}, {'text': 'وفي النهايه طلب منهم حاجه احنا ممكن نسميها ضريبه حمايه .', 'start_char': 622, 'end_char': 671}, {'text': 'حازم كان جاي برساله بسيطه من قيادات عليا في المخابرات السوريه والقصر الجمهوري نفسه', 'start_char': 673, 'end_char': 757}]"
,,
كم تُقدر الثروة اللي استولت عليها عائلة الأسد على أقل تقدير؟,ما بين المليار وال 2 مليار دولار.,"[{'text': 'ارقام ما بين المليار وال 2 مليار دولار على اقل تقدير استولت عليها عائله الاسد', 'start_char': 2432, 'end_char': 2510}]"
إيه التحول في استراتيجية النظام الاقتصادية اللي الاجتماع كشفه؟,من التسهيلات للابتزاز المباشر,"[{'text': 'مفادها ان عصر الخدمات والتسهيلات انتهى', 'start_char': 1079, 'end_char': 1115}, {'text': 'الابتزاز العلني ده في اوساط النظام استفز بعض الحاضرين', 'start_char': 1735, 'end_char': 1787}]"
إيه اللي حصل لرجال الأعمال اللي رفضوا يسلموا ممتلكاتهم للنظام السوري بعد الاجتماع؟,الاحتجاز والإقامة الجبرية.,"[{'text': 'بعد الاجتماع تم احتجاز بعض اللي رفضوا تسليم اصول ممتلكاتهم او اسهم شركاتهم وتشحنو على فرع المخابرات 251 في دمشق ، والبعض التاني تم وضع قايد الاقامه الجبريه', 'start_char': 1933, 'end_char': 2122}]"
الرسالة اللي وصلها حازم قرفول لرجال الأعمال كانت جاية من مين؟,من قيادات عليا في المخابرات السورية والقصر الجمهوري.,"[{'text': 'حازم كان جاي برساله بسيطه من قيادات عليا في المخابرات السوريه والقصر الجمهوري نفسه', 'start_char': 1259, 'end_char': 1341}]"
ماذا كان مصير رجال الأعمال الذين رفضوا دفع الأموال للنظام السوري؟,الاحتجاز، الإقامة الجبرية، أو مصادرة الأملاك.,"[{'text': 'بعد الاجتماع تم احتجاز بعض اللي رفضوا تسليم اصول ممتلكاتهم او اسهم شركاتهم وتشحنو على فرع المخابرات 251 في دمشق ، والبعض التاني تم وضع قايد الاقامه الجبريه', 'start_char': 1629, 'end_char': 1779}, {'text': 'وفي الايام التاليه للاجتماع هرب عدد من اغنى السوريين واستولى النظام على شركاتهم واعمالهم', 'start_char': 1891, 'end_char': 1982}]"
إيه هو الوضع المالي اللي كان نظام بشار بيواجهه وقتها؟,كان على وشك الإفلاس.,"[{'text': 'طبعا وقتها كان واضح للكل جوه وبره سوريا ان نظام بشار بيفلس ومش لاقي فلوس يمول بيها آلته الحربيه والاجرامية', 'start_char': 1143, 'end_char': 1248}]"
ما هي وسائل الإعلام العالمية التي أكدت تفاصيل الاجتماع؟,ذا ايكونوميست وفاينشال تايمز.,"[{'text': 'ذا ايكونوميست وفاينشال تايمز', 'start_char': 1819, 'end_char': 1848}]"
ما نتيجة اجتماع 2019 على مجتمع الأعمال السوري؟,هروب رجال أعمال واستيلاء النظام.,"[{'text': 'بعد الاجتماع تم احتجاز بعض اللي رفضوا تسليم اصول ممتلكاتهم او اسهم شركاتهم وتشحنو على فرع المخابرات 251 في دمشق', 'start_char': 1632, 'end_char': 1761}, {'text': 'وفي الايام التاليه للاجتماع هرب عدد من اغنى السوريين واستولى النظام على شركاتهم واعمالهم', 'start_char': 1891, 'end_char': 1985}]"
بماذا وُصفت ثروات رجال الأعمال نتيجة تسهيلات النظام؟,وُصفت بأنها متضخمة.,"[{'text': 'والتسهيلات اللي خدوها واللي ساهمت في تضخم ثرواتهم', 'start_char': 961, 'end_char': 1011}]"
مين أبرز شخصية اتحطت تحت الإقامة الجبرية بعد الاجتماع؟,رامي مخلوف ابن خال بشار الأسد.,"[{'text': 'وابرزهم رامي مخلوف ابن خال بشار الاسد', 'start_char': 1839, 'end_char': 1873}]"
ماذا يمكن استنتاجه عن ثقافة السلامة المرورية بهانوي؟,ضعف إجراءات السلامة,"[{'text': 'يا جماعه البسوا هلمت عشان الدنيا اخطر', 'start_char': 1974, 'end_char': 2011}, {'text': 'ودي هو اعتبر الطاقية هيلمت', 'start_char': 2073, 'end_char': 2098}]"
بماذا يتميز توقيت نشاط السوق الأول الذي زاره المتحدث؟,نشاطه ليلي,"[{'text': 'احنا عرفنا ان هو بيجهزوا دلوقتي السوق للاجواء بالليل', 'start_char': 1076, 'end_char': 1131}, {'text': 'سالت حد قال زي ما سمعتو يعني ، قال ان هو شغال بالليل', 'start_char': 1845, 'end_char': 1897}]"
أين يقع أول سوق زاره المتحدث بالنسبة للمدينة؟,نص ساعه بره المدينه,"[{'text': 'نص ساعه بره المدينه', 'start_char': 312, 'end_char': 331}]"
من هم الزبائن المحتملون للسوق بناءً على توقيت عمله؟,السكان المحليين العاملين,"[{'text': 'دي بقى بتاعه الناس السكان المحليين مش الناس السياح', 'start_char': 226, 'end_char': 274}, {'text': 'دايما حاجات الخضار بتبقى بالنهار بدري ، فمش عارف ليه ده غريب شويه وشغال بالليل يعني', 'start_char': 1748, 'end_char': 1836}]"
كيف يمكن وصف الطقس في هانوي كما ذكر المتحدث؟,رطب,"[{'text': 'الجو بقى الرطوبه عاليه', 'start_char': 1543, 'end_char': 1564}]"
كم كان سعر فاكهة الجاك فروت في السوق؟,بدولار واحد,"[{'text': 'بدولار واحد', 'start_char': 756, 'end_char': 766}]"
لماذا اعتبر المتحدث عمل السوق ليلاً أمراً غريباً؟,لأن أسواق الخضار نهارية,"[{'text': 'دايما حاجات الخضار بتبقى بالنهار بدري', 'start_char': 1047, 'end_char': 1083}, {'text': 'فمش عارف ليه ده غريب شويه وشغال بالليل يعني', 'start_char': 1085, 'end_char': 1129}]"
كيف وصف المتحدث أصناف المانجو المعروضة في السوق الأول؟,متنوعة,"[{'text': 'مانجا انواع بقى كتير من المانجا يعني', 'start_char': 458, 'end_char': 491}, {'text': 'لكن في هنا انواع مانجا كتير ما شفتهاش جوه نهائي', 'start_char': 622, 'end_char': 670}]"
ما هي وسيلة المواصلات التي طلبها المتحدث للذهاب إلى الترين ستريت؟,سكوتر,"[{'text': 'طلبنا سكوتر يجي ياخدنا', 'start_char': 1464, 'end_char': 1485}]"
ما الأمر الغريب في توقيت عمل السوق الأول؟,سوق خضار يعمل ليلاً,"[{'text': 'دايما حاجات الخضار بتبقى بالنهار بدري ، فمش عارف ليه ده غريب شويه وشغال بالليل يعني', 'start_char': 1109, 'end_char': 1188}, {'text': 'سالت حد قال زي ما سمعتو يعني ، قال ان هو شغال بالليل', 'start_char': 1191, 'end_char': 1236}]"
,,
ما هو اليوم المفضل للمتحدث خلال رحلاته في قارة آسيا؟,يوم الماركتز,"[{'text': 'ده احلى يوم بحبه في رحلات اسيا ، يوم الماركتز', 'start_char': 40, 'end_char': 81}]"
إيه الفرق الأساسي في طبيعة السوقين المذكورين؟,الأول محلي والتاني سياحي,"[{'text': 'دي بقى بتاعه الناس السكان المحليين مش الناس السياح', 'start_char': 133, 'end_char': 178}, {'text': 'والناس بتجي بقى مخصوص من كل مكان في العالم عشان تحضر الماركت ده', 'start_char': 851, 'end_char': 917}]"
كيف بدت طريقة عرض الفواكه النادرة في السوق الأول؟,مهملة,"[{'text': 'دراجون فروت مرميه في الارض .', 'start_char': 876, 'end_char': 903}, {'text': 'متخيلين دي بتتحط عندنا بتتحط جوه التلاجه', 'start_char': 905, 'end_char': 947}, {'text': 'مرميه في الارض الجاك فروت مرميه في الارض .', 'start_char': 1019, 'end_char': 1061}]"
إيه الاسم اللي بيطلقه السكان المحليين على الترين ماركت؟,ترين ستريت,"[{'text': 'هنا بيسموه ترين ستريت', 'start_char': 1421, 'end_char': 1442}]"
إزاي شركة الضمان بتستفيد من عمر صلاحية المنتج؟,بتحصيل أموال بلا خدمة,"[{'text': 'وعقبال بقى لما الحاجه تبوظ علشان يعني تاريخ صلاحيتها خلص بكل بساطه ، هيكون كده كده الضمان بتاعك خلص .', 'start_char': 1391, 'end_char': 1512}, {'text': 'وبكده تكون الشركه بتاعه الضمان يعني عملت فيك واحد صفر واخذت الفلوس من غير ما تعمل اي حاجه ثانيه .', 'start_char': 1558, 'end_char': 1665}]"
ما هي طبيعة العلاقة بين الشركة الأساسية وشركة الضمان؟,التعاون,"[{'text': 'الشركه الاساسيه بتكون متعاونه مع شركه الضمان', 'start_char': 1787, 'end_char': 1827}]"
ما هو موقف زوجة المتحدث من صوت التلاجة؟,ده شيء مرفوض تماما,"[{'text': 'ده شيء مرفوض تماما', 'start_char': 129, 'end_char': 147}]"
إيه الافتراض الأساسي لنموذج عمل شركات الضمان؟,المستهلك بيحافظ على حاجته,"[{'text': 'ان هم بيخلوا بالهم من الحاجه بتاعتهم . ده الشيء الطبيعي المنطقي', 'start_char': 1466, 'end_char': 1526}, {'text': 'فالضمان بيعتمد عليك انت المستهلك العاقل اللي اكيد 100 % مش هيبوظ الحاجه بتاعته .', 'start_char': 1572, 'end_char': 1653}]"
ماذا فعل المتحدث نتيجة لصعوبة تواصله مع الشركة لحل مشكلة الثلاجة؟,بحث على يوتيوب,"[{'text': 'فانا ما قدرتش استنى ودخلت على اليوتيوب ابدا ادور بنفسي عن سبب الصوت ده', 'start_char': 510, 'end_char': 585}]"
ماذا اكتشف المتحدث بخصوص صوت الثلاجة الجديدة؟,ان ده شيء عادي جدا,"[{'text': 'ان ده شيء عادي جدا', 'start_char': 610, 'end_char': 628}]"
إزاي تجربة المتحدث بتدعم رأي الخبير في الضمان؟,دفع الضمان على الفاضي,"[{'text': 'ومره واحده لقيت ان الصوت اختفى .', 'start_char': 400, 'end_char': 430}, {'text': 'دورت اكتر عشان افهم الفكره بتاعه الضمان اللي انا دفعت فلوسه على الفاضي ده', 'start_char': 488, 'end_char': 562}, {'text': 'فكل بساطه الضمان عمل منك فلوس على ولا حاجه', 'start_char': 1575, 'end_char': 1616}]"
وفقًا للمتحدث، ما الذي يجب أن يكون من اهتمامات الشركة تجاه العميل؟,سعادته بالمنتج,"[{'text': 'ان هو يكون سعيد بالمنتج ؟', 'start_char': 461, 'end_char': 483}]"
من أين عرفت زوجة المتحدث لأول مرة عن صوت الثلاجة؟,من الفيديو ده,"[{'text': 'وعلى فكره هي هتعرف المعلومه دي لاول مره من الفيديو ده', 'start_char': 180, 'end_char': 231}]"
إزاي تجربة المتحدث بتدعم تحليل الخبير للضمان؟,لأنهم لا يقدمون الخدمة.,"[{'text': 'فليه كل الموال ده علشان اكلم حد يجي يصلحها ؟', 'start_char': 326, 'end_char': 374}, {'text': 'وبكده تكون الشركه بتاعه الضمان يعني عملت فيك واحد صفر واخذت الفلوس من غير ما تعمل اي حاجه ثانيه .', 'start_char': 1478, 'end_char': 1585}]"
ما الذي سببه صوت الثلاجة للمتحدث؟,الإزعاج,"[{'text': 'بالنسبه لي الموضوع اكيد كان مزعج', 'start_char': 98, 'end_char': 128}]"
ما الذي تقدمه الشركة الأساسية لشركة الضمان؟,فلوس,"[{'text': 'فلوس', 'start_char': 1867, 'end_char': 1871}]"
إيه أساس النموذج الربحي لشركات الضمان؟,حرص المستهلك وانتهاء الصلاحية,"[{'text': 'فالضمان بيعتمد عليك انت المستهلك العاقل اللي اكيد 100 % مش هيبوظ الحاجه بتاعته .', 'start_char': 1916, 'end_char': 1994}, {'text': 'وعقبال بقى لما الحاجه تبوظ علشان يعني تاريخ صلاحيتها خلص بكل بساطه ، هيكون كده كده الضمان بتاعك خلص .', 'start_char': 2026, 'end_char': 2126}]"
ما هو الشعور الذي تملّك المتحدث عندما أصدرت الثلاجة صوتاً لأول مرة؟,الخوف,"[{'text': 'وبعد ما وصلت التلاجه حصل اكتر حاجه انا كنت خايف منها', 'start_char': 29, 'end_char': 79}]"
ما هو السبب المنطقي لحرص الناس على ممتلكاتهم؟,انت اكيد مش عايزها تبوظ علشان انت هتفضل قاعد فتره من غيرها لو باظت,"[{'text': 'انت اكيد مش عايزها تبوظ علشان انت هتفضل قاعد فتره من غيرها لو باظت .', 'start_char': 1269, 'end_char': 1342}]"
إيه الهدف من الحرب النفسية المذكورة؟,قتل الروح وتطبيع الموت.,"[{'text': 'وازاي ان الاعداء بتوعنا بيستخدموا الموضوع ده علشان يقتلونا وده جزء من الحرب السيكولوجيه والاعلاميه اللي بتحصل .', 'start_char': 666, 'end_char': 779}, {'text': 'هم قتلوا الروح بتاعتنا وهم فازوا وخلاص احنا بقينا نتعود على الارقام', 'start_char': 1386, 'end_char': 1450}]"
حسب النص، إيه كان الشعور العام في بداية الحرب؟,الاهتزاز والخوف الشديد.,"[{'text': 'كلنا كنا مهزوزين ويعني خايفين جدا على اهلنا هناك .', 'start_char': 345, 'end_char': 395}]"
إزاي المتحدث بيوصف القناة بتاعته؟,المدونه البصريه بتاعتي,"[{'text': 'المدونه البصريه بتاعتي', 'start_char': 2220, 'end_char': 2241}]"
إيه نتيجة التعود على المآسي حسب وصف المتحدث؟,تبلد الإحساس,"[{'text': 'اول لما كنت بتسمع الاخبار وهي طالعه من من هناك و زي كلنا كنا مهزوزين ويعني خايفين جدا على اهلنا هناك . كنا نسمع رقم ان في 300 شهيد ولسه الارقام في اول كم يوم احنا ما كناش بنعرف ننام .', 'start_char': 196, 'end_char': 367}, {'text': ""دلوقتي حالا لما انت بتسمع رقم ان عدد الشهداء في غزه اللي احنا عارفينه لحد دلوقتي وصل ل 000'40 , الموضوع ما بيهزكش من جوه زي ما كان بيهزك ويخليك ما بتعرفش تنام اول لما بدا خالص ."", 'start_char': 1251, 'end_char': 1446}]"
,,
حسب النص، إيه اللي حصل في لبنان في يوم واحد؟,في يوم واحد في 500 شخص توفوا في لبنان,"[{'text': 'في يوم واحد في 500 شخص توفوا في لبنان', 'start_char': 504, 'end_char': 542}]"
إيه الدليل اللي قاله المتحدث على نجاح الحرب النفسية؟,تضاؤل التأثر بأعداد الضحايا.,"[{'text': 'كنا نسمع رقم ان في 300 شهيد ولسه الارقام في اول كم يوم احنا ما كناش بنعرف ننام .', 'start_char': 311, 'end_char': 395}, {'text': ""دلوقتي حالا لما انت بتسمع رقم ان عدد الشهداء في غزه اللي احنا عارفينه لحد دلوقتي وصل ل 000'40 , الموضوع ما بيهزكش من جوه زي ما كان بيهزك ويخليك ما بتعرفش تنام اول لما بدا خالص ."", 'start_char': 1222, 'end_char': 1404}]"
,,
إيه اللي المتحدث عاوز يحفظه من خلال الفيديو ده؟,اللحظه الغريبه في في التاريخ اللي احنا عايشين فيه دلوقتي,"[{'text': 'اللحظه الغريبه في في التاريخ اللي احنا عايشين فيه دلوقتي', 'start_char': 2380, 'end_char': 2435}]"
إيه نتيجة استغلال الأعداء لتعود الناس على المآسي؟,قتل الروح المعنوية.,"[{'text': 'وازاي ان الاعداء بتوعنا بيستخدموا الموضوع ده علشان يقتلونا', 'start_char': 861, 'end_char': 916}, {'text': 'وده جزء من الحرب السيكولوجيه والاعلاميه اللي بتحصل', 'start_char': 917, 'end_char': 967}, {'text': 'قتلوا الروح بتاعتنا', 'start_char': 1307, 'end_char': 1324}]"
إيه الحالة النفسية اللي بيشعر بيها الشخص تجاه نفسه لما يلاحظ تغيره؟,الصدمة.,"[{'text': 'اول حاجه الشخص فعلا يكون مصدوم فيها من من نفسه', 'start_char': 1498, 'end_char': 1544}]"
حسب النص، إيه اللي المتحدث بيحاول يفسره للمشاهدين؟,ايه سبب الشعور ده,"[{'text': 'ايه سبب الشعور ده', 'start_char': 1500, 'end_char': 1517}]"
ما هدف الحرب النفسية التي ذكرها المتحدث؟,القتل النفسي,"[{'text': 'ازاي احنا فعلا مع الوقت ممكن نتعود على حاجات في منتهى البشاعه', 'start_char': 864, 'end_char': 927}, {'text': 'وازاي ان الاعداء بتوعنا بيستخدموا الموضوع ده علشان يقتلونا وده جزء من الحرب السيكولوجيه والاعلاميه اللي بتحصل', 'start_char': 928, 'end_char': 1032}]"
حسب النص، وعي من الذي تم التلاعب به؟,وعي المجتمع.,"[{'text': 'وازاي اتلعب بال الوعي الاجتماعي لناس كتيره .', 'start_char': 1122, 'end_char': 1166}]"
من أي جانب هيشرح المتحدث فكرة التعود على المآسي؟,من جانب الخبره بتاعتي اعلاميا,"[{'text': 'من جانب الخبره بتاعتي اعلاميا', 'start_char': 774, 'end_char': 802}]"
إزاي منع الأدينوسين بيسبب الشعور بالسعادة؟,بيحسن أداء الدوبامين,"[{'text': 'في دراسه اتعملت في 2015 بتقول ان الدوبامين بيشتغل بصوره افضل في حال انه ارتبط بالكافيين ، وده بيحصل لما بيتم منع مستقبلات الادينوسين من العمل في الدماغ .', 'start_char': 1876, 'end_char': 2015}, {'text': 'الدوبامين ماده منبهه طبيعيه بيتم انتاجها في دماغ الانسان ، واللي البعض بيعتبره ماده كيميائيه ممتعه لان الدوبامين هو اللي بيحفز الدماغ على الشعور بالنشاط والسعاده .', 'start_char': 2017, 'end_char': 2191}]"
ما هي العلاقة بين بنية الكافيين الكيميائية والأدينوسين؟,بنيتهما الكيميائية متشابهة,"[{'text': 'الكافين بيشبه في البنيه الكيميائيه بتاعته ماده بتتكون في الدماغ اسمها الادينوسين .', 'start_char': 1146, 'end_char': 1235}]"
ما هو التأثير الذي يحدثه الكافيين على تدفق الدم للمخ؟,بيقلل من تدفق الدم للمخ بحوالي 27 %,"[{'text': 'الكافيين بيقلل من تدفق الدم للمخ بحوالي 27 %', 'start_char': 2419, 'end_char': 2465}]"
بناءً على النص، إيه السبب المحتمل للصداع اللي بيعالجه الكافيين؟,تضخم الأوعية الدموية بالدماغ.,"[{'text': 'بيعتبر الكافيين احد المكونات الرئيسيه لمعظم ادويه الصداع والصداع النصفي', 'start_char': 2169, 'end_char': 2244}, {'text': 'واللي بدوره بيقلل من عمليه تضخم الاوعيه الدمويه في الدماغ', 'start_char': 2326, 'end_char': 2383}]"
,,
بماذا يُعتبر الكافيين على مستوى العالم حسب النص؟,الماده ذات التاثير النفسي الاكثر استخداماً في العالم كله,"[{'text': 'وعلشان كده يعتبر الكافيين هو الماده ذات التاثير النفسي الاكثر استخداماً في العالم كله .', 'start_char': 496, 'end_char': 576}]"
ما هما الناقلان العصبيان اللذان يتأثران عند تثبيط الأدينوسين بفعل الكافيين؟,الأدرينالين والدوبامين.,"[{'text': 'الجسم بيبدا يفرز ادرينالين يحل محل الادينوسين', 'start_char': 1416, 'end_char': 1461}, {'text': 'الدوبامين بيشتغل بصوره افضل في حال انه ارتبط بالكافيين ، وده بيحصل لما بيتم منع مستقبلات الادينوسين من العمل في الدماغ', 'start_char': 1895, 'end_char': 2013}]"
,,
إيه اللي بيحصل لمستقبلات الأدينوسين عند اللي بيستهلكوا الكافيين بكثرة؟,مستقبلات الادينوسين في الدماغ بتزيد عندهم,"[{'text': 'مستقبلات الادينوسين في الدماغ بتزيد عندهم', 'start_char': 1739, 'end_char': 1779}]"
إيه ممكن يحصل لو مستهلك كافيين منتظم وقّف فجأة؟,الشعور بالنعاس الشديد,"[{'text': 'والماده دي هي اللي بتخلي الانسان يشعر بالنعاس وما بتقلش في الجسم غير لما الانسان ينام .', 'start_char': 1109, 'end_char': 1184}, {'text': 'ومن الجدير بالذكر ان الناس اللي بيستخدموا الكافيين بصوره كبيره ، مستقبلات الادينوسين في الدماغ بتزيد عندهم', 'start_char': 1600, 'end_char': 1701}]"
,,
ما هو متوسط استهلاك الكافيين اليومي على مستوى العالم؟,من 110 مل غرام لي 300 مل غرام,"[{'text': 'متوسط استهلاكه على مستوى العالم من 110 مل غرام لي 300 مل غرام', 'start_char': 893, 'end_char': 951}]"
إيه اللي بيحصل لفاعلية الكافيين مع الاستخدام المستمر؟,فاعليتها بتقل,"[{'text': 'بيخلي مدمنين القهوه عايزين منها كميات اكبر دائماً علشان بس يحصلوا على نفس التاثير اللي ممكن فنجان قهوه صغير يعمله في واحد مش بيشرب القهوه كتير', 'start_char': 1791, 'end_char': 1933}]"
ما هي طبيعة تأثير الكافيين على وظائف المخ حسب النص؟,تأثيره مُغيِّر مؤقت.,"[{'text': 'بالاضافه لكونه واحد من المواد اللي بتعمل تغيير مؤقت في وظائف المخ', 'start_char': 675, 'end_char': 738}]"
كم تبلغ نسبة الكافيين في كوب القهوة العادي المنتشر؟,حوالي 95 مل غرام,"[{'text': 'وكوبايه القهوه العاديه المنتشره اليومين دول نسبه الكافيين فيها حوالي 95 مل غرام', 'start_char': 954, 'end_char': 1032}]"
إيه الرسالة الضمنية اللي بيقدمها المتحدث عن السفر؟,تحدي الصور النمطية.,"[{'text': 'لو قلت لك شيكاغو ، اول حاجه هتيجي في دماغك هي الجرايم والاسلحه والمخدرات والعصابات الشهيره زي عصابه الكابون المعروفه باسم مافيا شيكاغو .', 'start_char': 66, 'end_char': 189}, {'text': 'هسيبكم تحكموا بعد ما نخلص جولتنا في شيكاغو اللي هنعرف من خلالها حكايه البلد مع ناطحات السحاب بالتفصيل', 'start_char': 201, 'end_char': 296}]"
,,
ما هو اسم أغلى شارع في شيكاغو الذي يبيع الماركات العالمية الفاخرة؟,جولد كوست,"[{'text': 'اغلى شوارع المدينه اسمه جولد كوست', 'start_char': 324, 'end_char': 351}]"
ما الذي يميز هوية شيكاغو المعمارية حسب النص؟,الريادة في بناء ناطحات السحاب,"[{'text': 'طبعا شيكاغو كلها ناطحات سحاب', 'start_char': 2204, 'end_char': 2231}, {'text': 'لان اول نطيحه سحاب في العالم طلعت من شيكاغو هنا', 'start_char': 2245, 'end_char': 2288}]"
ما هو الانطباع الذي كوّنه المتحدث عن شعب شيكاغو والذي يتناقض مع السمعة الشائعة للمدينة؟,شعبها رايق ومتعاون.,"[{'text': 'لو قلت لك شيكاغو ، اول حاجه هتيجي في دماغك هي الجرايم والاسلحه والمخدرات والعصابات الشهيره', 'start_char': 49, 'end_char': 154}, {'text': 'خدت بالي ان الشعب هناك رايق جدا ، الناس جميله في الشارع ، الناس بجد متعاونه وبتساعد .', 'start_char': 418, 'end_char': 498}]"
ما هو الترتيب الاقتصادي لمدينة شيكاغو على مستوى أمريكا؟,ثالث اكبر اقتصاد في امريكا كلها,"[{'text': 'ثالث اكبر اقتصاد في امريكا كلها', 'start_char': 241, 'end_char': 273}]"
كيف يختلف انطباع المتحدث عن سكان شيكاغو عن سمعتها؟,وجد الناس رايقين ومتعاونين,"[{'text': 'لو قلت لك شيكاغو ، اول حاجه هتيجي في دماغك هي الجرايم والاسلحه والمخدرات والعصابات الشهيره زي عصابه الكابون المعروفه باسم مافيا شيكاغو .', 'start_char': 35, 'end_char': 177}, {'text': 'خدت بالي ان الشعب هناك رايق جدا ، الناس جميله في الشارع ، الناس بجد متعاونه وبتساعد .', 'start_char': 494, 'end_char': 585}]"
إيه السمة اللي بتميز رحلات المتحدث حول العالم؟,المغامرة.,"[{'text': 'مسافر مغامر مصري', 'start_char': 683, 'end_char': 700}]"
"ما هي المادة المصنوع منها معلم ""كلاود جيت"" السياحي؟",سيلفر ستانلس ستيل,"[{'text': 'سيلفر ستانلس ستيل', 'start_char': 1162, 'end_char': 1179}]"
بماذا يواجه المتحدث الصورة النمطية لشيكاغو؟,بإنجازها المعماري.,"[{'text': 'لو قلت لك شيكاغو ، اول حاجه هتيجي في دماغك هي الجرايم والاسلحه والمخدرات والعصابات الشهيره زي عصابه الكابون المعروفه باسم مافيا شيكاغو .', 'start_char': 53, 'end_char': 192}, {'text': 'اول نطحه سحاب في العالم طلعت من شيكاغو هنا .', 'start_char': 341, 'end_char': 391}]"
إلى أي بلد ينتمي المتحدث الذي يستكشف ثقافات العالم؟,مصر,"[{'text': 'فانا شريف نبيل مسافر مغامر مصري بتاع اكشن نجوب العالم نحكي قصص الناس وثقافات الناس', 'start_char': 668, 'end_char': 752}]"
ما هو الوقت الذي اقترحه المتحدث لزيارة كلاود جيت لتكون فارغة؟,سبعة الصبح,"[{'text': 'سبعة الصبح', 'start_char': 1735, 'end_char': 1744}]"
إزاي الطابع المعماري لشيكاغو أثر على خطة المتحدث؟,قرر يزور ناطحة سحاب,"[{'text': 'طبعا شيكاغو كلها ناطحات سحاب', 'start_char': 2008, 'end_char': 2037}, {'text': 'وعشان كده المكان اللي هنروحوا دلوقتي هو واحد من اهم الاماكن في شيكاغو عشان نشوف شيكاغو كله من فوق من ناطحه سحاب منهم', 'start_char': 2146, 'end_char': 2272}]"
كيف وصف المتحدث تنظيم شوارع ومباني شيكاغو؟,منظمة بشكل غير عادي.,"[{'text': 'المباني فيها ونظامها والشوارع بتاعتها نظام غير عادي', 'start_char': 1451, 'end_char': 1503}]"
ما هي حشوة ساندوتش الكرواسان الذي تناوله المتحدث في وجبة الإفطار؟,التونه والزبيب وعليها شيدر من فوق سايحه,"[{'text': 'التونه والزبيب وعليها شيدر من فوق سايحه', 'start_char': 1076, 'end_char': 1109}]"
توقيت عمل سوق الخضار بيوحي بإيه عن روتين سكان هانوي؟,بيشتروا حاجاتهم بالليل.,"[{'text': 'عرفنا ان هو بيجهزوا دلوقتي السوق للاجواء بالليل', 'start_char': 1127, 'end_char': 1175}, {'text': 'دايما حاجات الخضار بتبقى بالنهار بدري ، فمش عارف ليه ده غريب شويه وشغال بالليل يعني', 'start_char': 1932, 'end_char': 2014}]"
ماذا استنتج المتحدث عن بعض الفواكه من طريقة عرضها للبيع؟,رخصها.,"[{'text': 'دراجون فروت مرميه في الارض . متخيلين دي بتتحط عندنا بتتحط جوه التلاجه ، مقفول عليها وحاطين سعر مثلا ايه 1000 جنيه او 70 الف درهم حاجه كده', 'start_char': 999, 'end_char': 1099}, {'text': 'في ايه يا جماعه مرميه في الارض الجاك فروت مرميه في الارض .', 'start_char': 1100, 'end_char': 1124}]"
أين يقع السوق الأول الذي زاره المتحدث بالنسبة للمدينة؟,نص ساعه بره المدينه,"[{'text': 'نص ساعه بره المدينه', 'start_char': 323, 'end_char': 342}]"
ليه المتحدث استغرب من توقيت عمل سوق الخضار؟,لأنه يعمل مساءً فقط.,"[{'text': 'دايما حاجات الخضار بتبقى بالنهار بدري ، فمش عارف ليه ده غريب شويه وشغال بالليل يعني ، سالت حد قال زي ما سمعتو يعني ، قال ان هو شغال بالليل', 'start_char': 1452, 'end_char': 1568}]"
,,
بماذا يُعرف سوق القطار أيضًا في هانوي؟,ترين ستريت,"[{'text': 'ماركت القطر الترين ماركت او الترين ستريت ، هنا بيسموه ترين ستريت', 'start_char': 1475, 'end_char': 1539}]"
إيه الفرق بين أنواع المانجا في السوق المحلي والمناطق السياحية؟,تنوع أصناف المانجا.,"[{'text': 'دايما في المانجا الصفرا الطويله ، دي بيقطعوها للناس للسياح في الشارع', 'start_char': 417, 'end_char': 483}, {'text': 'لكن في هنا انواع مانجا كتير ما شفتهاش جوه نهائي', 'start_char': 485, 'end_char': 531}]"
كيف وصف المتحدث حالة الطقس في هانوي؟,الجو رطب.,"[{'text': 'الجو بقى الرطوبه عاليه', 'start_char': 1716, 'end_char': 1736}, {'text': 'جد والله الرطوبه رهيبه', 'start_char': 1802, 'end_char': 1823}]"
ما هي وسيلة المواصلات التي طلبها المتحدث للذهاب إلى الترين ستريت؟,سكوتر,"[{'text': 'طلبنا سكوتر يجي ياخدنا', 'start_char': 1640, 'end_char': 1661}]"
إزاي حالة السوق الأول كانت عكس المعتاد لأسواق الخضار؟,شغال بالليل بدل الصبح,"[{'text': 'دايما حاجات الخضار بتبقى بالنهار بدري ، فمش عارف ليه ده غريب شويه وشغال بالليل يعني', 'start_char': 1610, 'end_char': 1683}, {'text': 'سالت حد قال زي ما سمعتو يعني ، قال ان هو شغال بالليل', 'start_char': 1686, 'end_char': 1735}]"
كيف وصف المتحدث حالة الفاكهة والخضار في السوق الأول؟,طزاجتها.,"[{'text': 'الفاكهه طازه والخضار شكله طازه ، ورايق وخطير بصراحه يعني .', 'start_char': 533, 'end_char': 595}]"
إيه هو أحلى يوم بيحبه المتحدث في رحلاته لآسيا؟,يوم الماركتز,"[{'text': 'يوم الماركتز', 'start_char': 64, 'end_char': 75}]"
إزاي طبيعة عمل السوق الأول أثرت على خطة جولة المتحدث؟,ذهب لسوق آخر مؤقتاً,"[{'text': 'احنا عرفنا ان هو بيجهزوا دلوقتي السوق للاجواء بالليل', 'start_char': 421, 'end_char': 476}, {'text': 'فاحنا هنروح نشوف سوق تاني ، ونرجع له بالليل', 'start_char': 479, 'end_char': 520}]"
ما الذي ميز السوق الأول الذي زاره المتحدث؟,طابعه المحلي.,"[{'text': 'دي بقى بتاعه الناس السكان المحليين مش الناس السياح', 'start_char': 232, 'end_char': 281}]"
كم بلغ سعر فاكهة الجاك فروت في السوق؟,بدولار واحد,"[{'text': 'بدولار واحد', 'start_char': 718, 'end_char': 728}]"
إيه في الجو ممكن يفسر مواعيد السوق الغريبة؟,الرطوبة العالية,"[{'text': 'الجو بقى الرطوبة عاليه ، بتوقف دقيقتين بتلاقي بقى ايه جسمك كله ميه وعرق', 'start_char': 1353, 'end_char': 1424}, {'text': 'دايما حاجات الخضار بتبقى بالنهار بدري ، فمش عارف ليه ده غريب شويه وشغال بالليل يعني', 'start_char': 1509, 'end_char': 1591}]"
إيه الصفة اللي لاحظها المتحدث في الخضار والفاكهة بالسوق؟,طزاجتهم,"[{'text': 'الفاكهه طازه والخضار شكله طازه ، ورايق وخطير بصراحه يعني', 'start_char': 487, 'end_char': 543}]"
"على أي أساس اتسمى الشارع اللي فيه سوق القطر باسم ""ترين ستريت""؟",عشان بيبقى الشارع القطورة رايحه جايه فيه,"[{'text': 'عشان بيبقى الشارع القطورة رايحه جايه فيه', 'start_char': 1172, 'end_char': 1211}]"
إيه اللي خلى مواعيد السوق الأول غريبة للمتحدث؟,مواعيده عكس المعتاد,"[{'text': 'دايما حاجات الخضار بتبقى بالنهار بدري', 'start_char': 1565, 'end_char': 1602}, {'text': 'قال ان هو شغال بالليل', 'start_char': 1629, 'end_char': 1648}]"
ما الذي ميّز أنواع المانجو في السوق الأول عن تلك المخصصة للسياح في العاصمة؟,تنوعها وعدم انتشارها,"[{'text': 'احنا دايما جوه في في في هانوي نفسها في العاصمه ، دايما في المانجا الصفرا الطويله ، دي بيقطعوها للناس للسياح في الشارع ، لكن في هنا انواع مانجا كتير ما شفتهاش جوه نهائي', 'start_char': 372, 'end_char': 532}, {'text': 'دي بقى بتاعه الناس السكان المحليين مش الناس السياح', 'start_char': 181, 'end_char': 226}]"
السوق الأول اللي زاره المتحدث كان على بعد قد إيه من المدينة؟,نص ساعه بره المدينه,"[{'text': 'وخرجنا يمكن نص ساعه بره المدينه', 'start_char': 250, 'end_char': 281}]"
ليه قرر المتحدث يرجع للسوق الأول في وقت تاني؟,لأنه يعمل مساءً,"[{'text': 'فاحنا هنروح نشوف سوق تاني ، ونرجع له بالليل', 'start_char': 1215, 'end_char': 1255}, {'text': 'سالت حد قال زي ما سمعتو يعني ، قال ان هو شغال بالليل', 'start_char': 1967, 'end_char': 2021}]"
ما هي طبيعة السوق الأول الذي زاره المتحدث من حيث زواره؟,سوق محلي,"[{'text': 'دي بقى بتاعه الناس السكان المحليين مش الناس السياح', 'start_char': 181, 'end_char': 226}, {'text': 'احنا بعدنا بعيد تماما عن السياحه وعن المدينه', 'start_char': 229, 'end_char': 270}]"
إيه هو اليوم المفضل للمتحدث في رحلاته لآسيا؟,يوم الماركتز,"[{'text': 'ده احلى يوم بحبه في رحلات اسيا ، يوم الماركتز', 'start_char': 0, 'end_char': 45}]"
مواعيد السوق في هانوي بتشير لإيه عن روتين سكانها اليومي؟,إنه مسائي أكتر,"[{'text': 'عرفنا ان هو بيجهزوا دلوقتي السوق للاجواء بالليل', 'start_char': 1003, 'end_char': 1046}, {'text': 'دايما حاجات الخضار بتبقى بالنهار بدري ، فمش عارف ليه ده غريب شويه وشغال بالليل يعني', 'start_char': 1756, 'end_char': 1844}]"
ما الذي كان يفعله البائعون في السوق الأول عند وصول المتحدث؟,تجهيز السوق,"[{'text': 'بس حاسس ان ايه ، ان مافيش حياه اوي يعني حاسس ان الناس معظمها قفل ، شويه', 'start_char': 669, 'end_char': 742}, {'text': 'عرفنا ان هو بيجهزوا دلوقتي السوق للاجواء بالليل', 'start_char': 1003, 'end_char': 1046}]"
ما هو سعر فاكهة الجاك فروت المذكور في النص؟,بدولار واحد,"[{'text': 'بدولار واحد', 'start_char': 587, 'end_char': 597}]"
إيه اللي خلى المتحدث يروح سوق القطر قبل ما يرجع للسوق الأول؟,السوق الأول بيشتغل بالليل,"[{'text': 'فاحنا هنروح نشوف سوق تاني ، ونرجع له بالليل', 'start_char': 1215, 'end_char': 1254}, {'text': 'سالت حد قال زي ما سمعتو يعني ، قال ان هو شغال بالليل', 'start_char': 2052, 'end_char': 2107}]"
كيف كان انطباع المتحدث عن السوق الأول عند وصوله؟,أنه غير حيوي,"[{'text': 'بس حاسس ان ايه ، ان مافيش حياه اوي يعني حاسس ان الناس معظمها قفل ، شويه', 'start_char': 669, 'end_char': 742}]"
إيه وسيلة المواصلات اللي طلبها المتحدث عشان يروح الترين ستريت؟,سكوتر,"[{'text': 'طيب طلبنا سكوتر يجي ياخدنا', 'start_char': 1272, 'end_char': 1296}]"
إيه اللي بيوضحه استغراب المتحدث عن أسواق الخضار في بلده؟,إنها تعمل صباحاً,"[{'text': 'دايما حاجات الخضار بتبقى بالنهار بدري ، فمش عارف ليه ده غريب شويه وشغال بالليل يعني', 'start_char': 1876, 'end_char': 1963}, {'text': 'سالت حد قال زي ما سمعتو يعني ، قال ان هو شغال بالليل', 'start_char': 1966, 'end_char': 2014}]"
لماذا قرر المتحدث مغادرة السوق الأول والعودة إليه لاحقًا؟,لأنه يعمل ليلاً,"[{'text': 'بس حاسس ان ايه ، ان مافيش حياه اوي يعني حاسس ان الناس معظمها قفل', 'start_char': 703, 'end_char': 768}, {'text': 'احنا عرفنا ان هو بيجهزوا دلوقتي السوق للاجواء بالليل', 'start_char': 907, 'end_char': 961}]"
كيف وصف المتحدث حالة الجو في هانوي؟,الجو بقى الرطوبه عاليه,"[{'text': 'الجو بقى الرطوبه عاليه', 'start_char': 1686, 'end_char': 1707}]"
ليه المتحدث قرر يرجع للسوق الأولاني بعدين؟,لأنه بيشتغل بالليل.,"[{'text': 'احنا عرفنا ان هو بيجهزوا دلوقتي السوق للاجواء بالليل ، فاحنا هنروح نشوف سوق تاني ، ونرجع له بالليل', 'start_char': 1121, 'end_char': 1220}, {'text': 'سالت حد قال زي ما سمعتو يعني ، قال ان هو شغال بالليل', 'start_char': 1868, 'end_char': 1914}]"
"ما هو سبب تسمية ""شارع القطار"" بهذا الاسم؟",لمرور القطارات فيه.,"[{'text': 'عشان بيبقى الشارع القطورة رايحه جايه فيه', 'start_char': 1445, 'end_char': 1484}]"
كم تبعد المسافة بين المدينة والسوق الأول الذي زاره المتحدث؟,نص ساعه بره المدينه,"[{'text': 'نص ساعه بره المدينه', 'start_char': 241, 'end_char': 261}]"
إزاي اكتشاف مواعيد السوق الأول غيّر خطة المتحدث؟,هيزور سوق تاني ويرجعله,"[{'text': 'عرفنا ان هو بيجهزوا دلوقتي السوق للاجواء بالليل', 'start_char': 433, 'end_char': 476}, {'text': 'فاحنا هنروح نشوف سوق تاني ، ونرجع له بالليل', 'start_char': 480, 'end_char': 521}]"
ما مدى شعبية سوق القطار الذي ذكره المتحدث؟,عالمية,"[{'text': 'والناس بتجي بقى مخصوص من كل مكان في العالم عشان تحضر الماركت ده', 'start_char': 1316, 'end_char': 1381}]"
إيه نوع المانجا المنتشر في العاصمة هانوي؟,المانجا الصفرا الطويله,"[{'text': 'المانجا الصفرا الطويله', 'start_char': 443, 'end_char': 464}]"
وفقًا لوصف المتحدث للطقس، ما ميزة عمل السوق ليلًا؟,تجنب الرطوبة العالية,"[{'text': 'احنا عرفنا ان هو بيجهزوا دلوقتي السوق للاجواء بالليل', 'start_char': 1020, 'end_char': 1072}, {'text': 'الجو بقى الرطوبه عاليه ، بتوقف دقيقتين بتلاقي بقى ايه جسمك كله ميه وعرق', 'start_char': 1541, 'end_char': 1622}]"
ما طبيعة زيارة المتحدث لأسواق فيتنام؟,سياحية,"[{'text': 'دي بقى بتاعه الناس السكان المحليين مش الناس السياح', 'start_char': 196, 'end_char': 240}, {'text': 'احنا بعدنا بعيد تماما عن السياحه وعن المدينه', 'start_char': 242, 'end_char': 287}]"
ما هو الانطباع الأول للمتحدث عن الفاكهة والخضار بالسوق؟,الفاكهه طازه والخضار شكله طازه ، ورايق وخطير بصراحه يعني,"[{'text': 'الفاكهه طازه والخضار شكله طازه ، ورايق وخطير بصراحه يعني', 'start_char': 532, 'end_char': 591}]"
إيه الفرق الجوهري بين رواد السوق الأول وسوق القطار؟,الأول للمحليين والتاني للسياح,"[{'text': 'دي بقى بتاعه الناس السكان المحليين مش الناس السياح', 'start_char': 191, 'end_char': 238}, {'text': 'والناس بتجي بقى مخصوص من كل مكان في العالم عشان تحضر الماركت ده', 'start_char': 1205, 'end_char': 1271}]"
كيف يختلف سعر بعض الفواكه في فيتنام عن بلد المتحدث؟,أرخص بكثير.,"[{'text': 'دراجون فروت مرميه في الارض .', 'start_char': 831, 'end_char': 858}, {'text': 'متخيلين دي بتتحط عندنا بتتحط جوه التلاجه ، مقفول عليها وحاطين سعر مثلا ايه 1000 جنيه او 70 الف درهم', 'start_char': 859, 'end_char': 956}]"
كم كان سعر فاكهة الجاك فروت في السوق؟,بدولار واحد,"[{'text': 'اه دي بقى الجاك فروت ، جاك فروت اوكي ، بدولار واحد', 'start_char': 605, 'end_char': 651}]"
